{"cameraMode":{"drawMode":0,"name":"Shaded","section":"Shading Mode"},"sceneLighting":true,"audioPlay":false,"sceneViewState":{"m_AlwaysRefresh":false,"showFog":true,"showSkybox":true,"showFlares":false,"showImageEffects":true,"showParticleSystems":true,"showVisualEffectGraphs":true,"m_FxEnabled":true},"in2DMode":false,"pivot":{"x":-2.9000000953674318,"y":-0.1600000262260437,"z":3.3899998664855959},"rotation":{"x":-0.11919761449098587,"y":-0.7030889987945557,"z":0.12146160006523133,"w":-0.6905478835105896},"size":40.21808624267578,"orthographic":true}